id,username,email
1,cortezjeremy,cortezjeremy@apparentintelligence.com
2,whiteheadpatricia,whiteheadpatricia@emailservice.com
3,angela11,angela11@testuser.com
4,fhernandez,fhernandez@emailservice.com
5,leestacey,leestacey@apparentintelligence.com
6,paigemiller,paigemiller@example.com
7,changdaniel,changdaniel@emailservice.com
8,isabellacook,isabellacook@testuser.com
9,emilybrady,emilybrady@testuser.com
10,heatherunderwood,heatherunderwood@example.com
11,joshua36,conradlisa@example.com
12,jenniferallen,harveyjoseph@apparentintelligence.com
13,allisonyoung,fdodson@apparentintelligence.com
14,jaclyn70,mejiadavid@emailservice.com
15,framirez,stanleykristen@apparentintelligence.com
16,lpollard,eric45@example.com
17,alexandra07,kaylaschmidt@testuser.com
18,wmorris,juliemorris@testuser.com
19,jacob47,maysjames@emailservice.com
20,tamara96,cindy16@testuser.com
21,garyhenderson,joan70@emailservice.com
22,rmcdowell,kayleegutierrez@testuser.com
23,jamesjessica,fletcherbrian@example.com
24,christopher50,craiggibson@apparentintelligence.com
25,nathan42,aaronrichardson@testuser.com
26,barkergerald,olivingston@testuser.com
27,kevin75,johnosborne@testuser.com
28,robertrivers,cynthia27@emailservice.com
29,charlene00,shaneharris@emailservice.com
30,brett54,kimdestiny@emailservice.com
31,whitepatricia,vvalenzuela@emailservice.com
32,katherine88,andrea54@apparentintelligence.com
33,gomezjesse,huntlauren@example.com
34,millspatrick,annetrujillo@example.com
35,kimberly78,austinperkins@emailservice.com
36,meganfoster,bfrazier@example.com
37,donna97,christinagomez@emailservice.com
38,richardrobinson,hudsonronnie@testuser.com
39,travisalexander,torressandra@emailservice.com
40,simmonsjustin,pjohnson@emailservice.com
41,dfrost,kevinhoover@testuser.com
42,michael12,nicholasandrade@testuser.com
43,jon13,ecollins@testuser.com
44,jessica78,hallsamantha@testuser.com
45,toddrosario,bridget13@testuser.com
46,patrick70,ybailey@emailservice.com
47,dbrown,omoore@testuser.com
48,kochoa,yhernandez@emailservice.com
49,stephenbowers,adam18@emailservice.com
50,kelly13,hunterjones@apparentintelligence.com
51,ycollins,eddiebanks@example.com
52,murrayalbert,jessica72@testuser.com
53,fmack,nicole26@apparentintelligence.com
54,cwilkerson,posborn@apparentintelligence.com
55,gpatterson,jamespalmer@emailservice.com
56,michelecaldwell,idiaz@testuser.com
57,donnawiggins,zmendez@testuser.com
58,gabriellestrickland,racheljohnson@apparentintelligence.com
59,lopezbrenda,benjaminjackson@testuser.com
60,gibsonthomas,theresawilliams@apparentintelligence.com
61,hallstephanie,dballard@example.com
62,nancydiaz,kristine26@apparentintelligence.com
63,riggstracey,stephenchandler@testuser.com
64,shawnhamilton,brandi26@apparentintelligence.com
65,elizabeth95,luis31@testuser.com
66,lawrence08,alexandriamullen@emailservice.com
67,kingstephen,tashacastillo@example.com
68,jamiescott,brooksethan@testuser.com
69,amurphy,cynthiadean@testuser.com
70,pcoleman,lisa54@apparentintelligence.com
71,edwarddonovan,nhill@emailservice.com
72,camachodavid,nlang@testuser.com
73,heidi45,romeromark@example.com
74,rebecca65,emitchell@testuser.com
75,martinezeric,robert86@apparentintelligence.com
76,charlotte49,hthomas@emailservice.com
77,griffinnicholas,williswilliam@testuser.com
78,pamelaklein,dominic75@testuser.com
79,gwalker,brian14@testuser.com
80,kathrynmitchell,ksullivan@apparentintelligence.com
81,kelseyfritz,psilva@emailservice.com
82,jamiefowler,codyclark@apparentintelligence.com
83,perkinskimberly,wheelermichael@emailservice.com
84,moorejohn,imann@apparentintelligence.com
85,wbolton,sandra39@example.com
86,francischristopher,mollyfitzpatrick@emailservice.com
87,quinnkenneth,fnash@emailservice.com
88,martinezpaige,terrydaniel@apparentintelligence.com
89,melanieadams,cuevasthomas@testuser.com
90,jake85,whitejoshua@apparentintelligence.com
91,alyssarivera,danielle28@apparentintelligence.com
92,yunicholas,hdunn@apparentintelligence.com
93,brianna03,lonnie46@example.com
94,kevin99,rodriguezashley@testuser.com
95,maryphillips,edward48@apparentintelligence.com
96,patrickmiddleton,thurst@testuser.com
97,bjones,cartergabrielle@emailservice.com
98,melindasims,yanderson@apparentintelligence.com
99,piercelynn,garyallen@apparentintelligence.com
100,david96,taylor32@emailservice.com
101,thompsoncheyenne,toddkramer@testuser.com
102,cramirez,walterwilliam@example.com
103,jonathanblair,radams@apparentintelligence.com
104,kfisher,christianrasmussen@emailservice.com
105,bethanyjohnson,rdavis@emailservice.com
106,kenneth89,mmorton@apparentintelligence.com
107,paula17,dhubbard@emailservice.com
108,briandavenport,samuel64@testuser.com
109,traceyhart,crawfordsamuel@testuser.com
110,fergusonmelissa,robin05@emailservice.com
111,crossrebecca,gpetersen@testuser.com
112,mjohnson,craig13@testuser.com
113,charles13,qhopkins@emailservice.com
114,lori06,yspencer@apparentintelligence.com
115,jfrazier,clarklatoya@testuser.com
116,dawngaines,tsanchez@example.com
117,wrobinson,fmoses@testuser.com
118,obush,sbyrd@example.com
119,jeff24,bcarter@example.com
120,npowell,sherry11@emailservice.com
121,robert25,ocoffey@example.com
122,rebecca30,aaronmichael@apparentintelligence.com
123,bturner,amber73@emailservice.com
124,rward,ndavis@apparentintelligence.com
125,tammymurphy,frenchwilliam@emailservice.com
126,efranklin,calvincarroll@testuser.com
127,jkennedy,whickman@emailservice.com
128,rachelyoung,lopezbrandon@example.com
129,justinmarshall,smithkayla@apparentintelligence.com
130,thomasbrenda,jbowers@example.com
131,susanbrown,melissareyes@apparentintelligence.com
132,dvasquez,halemiranda@emailservice.com
133,kochjessica,kimchelsea@testuser.com
134,jacobsondenise,ewilson@emailservice.com
135,lopezdebbie,sarahclark@testuser.com
136,hhunter,tracey51@apparentintelligence.com
137,nibarra,sriley@emailservice.com
138,michaelgrant,aaron81@emailservice.com
139,tonya00,martinjason@example.com
140,ewoodward,tbradley@example.com
141,harmonrachel,owilliams@apparentintelligence.com
142,brent14,suzannelee@emailservice.com
143,marmstrong,qellis@example.com
144,xbennett,whitemelody@testuser.com
145,nicolewatson,hguerrero@testuser.com
146,carriejones,ghunt@testuser.com
147,susan34,toddgreen@apparentintelligence.com
148,barbara33,christopherhall@testuser.com
149,edwardlee,amanda92@apparentintelligence.com
150,jason24,sarahrichardson@apparentintelligence.com
151,patricksimmons,iwright@apparentintelligence.com
152,timothy29,tonya93@testuser.com
153,thomasandrew,andrewbrown@testuser.com
154,pauljohnston,ajones@example.com
155,edward66,asmith@example.com
156,mramos,qrivera@emailservice.com
157,pamela89,ogreen@emailservice.com
158,ihenry,stevenestrada@example.com
159,rgraham,seanbenson@emailservice.com
160,joshua91,timothydominguez@example.com
161,crobinson,terryvalerie@emailservice.com
162,deanrussell,murphylisa@emailservice.com
163,hallsteven,christopher48@emailservice.com
164,baxterjoseph,kathleen68@emailservice.com
165,leedavid,brownjohnny@emailservice.com
166,villarrealdaniel,natalie79@example.com
167,fgomez,markle@testuser.com
168,zroberts,tammymassey@example.com
169,marie54,dholland@emailservice.com
170,hoodjoshua,stephaniebeasley@example.com
171,dorisdixon,kmalone@emailservice.com
172,nolanrhonda,zfinley@emailservice.com
173,jeffreygreen,kirkmclaughlin@testuser.com
174,robinsonmiguel,michaelswanson@testuser.com
175,eric31,davidmathis@apparentintelligence.com
176,eric82,zacharysummers@apparentintelligence.com
177,veronicahines,gregoryespinoza@example.com
178,cisnerostravis,andrew65@testuser.com
179,kimberly21,christian83@testuser.com
180,jacobbenjamin,abarrett@testuser.com
181,robertsonbreanna,riceruben@emailservice.com
182,alexandra97,lesliediaz@testuser.com
183,samantha12,kristamathis@testuser.com
184,elizabethhendricks,tthornton@example.com
185,thomasscott,erika09@testuser.com
186,chelsea69,hillrichard@testuser.com
187,nguyenjoanna,hardingheather@apparentintelligence.com
188,taylorjonathan,nealbenjamin@emailservice.com
189,willie37,martinmorgan@testuser.com
190,levi13,amanda68@example.com
191,trevor34,george87@apparentintelligence.com
192,douglas67,smithbrittany@emailservice.com
193,dylan95,daniel52@example.com
194,foleyjoseph,mbates@apparentintelligence.com
195,hartmanmark,mrodriguez@testuser.com
196,ibanks,glendahenderson@apparentintelligence.com
197,smyers,bcollins@apparentintelligence.com
198,vcallahan,john86@apparentintelligence.com
199,carsonamy,angela75@example.com
200,timothy00,penaeric@testuser.com
